{
    "_comment": [
        "double pendulum equation",
        "params: k1,k2,tau1,tau2",
        "const: M1,M2,L1,L2,G",
        "0.5410",
        "0.098213",
        "0.00",
        "0.434"
    ],
    "x0": [
        0,
        0,
        0,
        0
    ],
    "params": [
        0.0,
        0.0,
        0.0,
        0.0
    ],
    "const": [
        1.0,
        1.0,
        1.0,
        1.0,
        9.8066500000
    ],
    "xdim": 4,
    "xrange":[0, 8.0],
    "yrange":[-6.0, 6.0],
    "delta1":0.001,
    "delta2":0.001,
    "var":2,
    "tau1":6.6,
    "tau2":-6.6
}